Speaker_ID,Utterance_Count
id00580,15727
id00090,11213
id00595,8487
id00835,8482
id00099,7245
id01172,7005
id01025,6174
id00579,3143
id00121,3135
id02322,2939
id00837,2921
id00838,2442
id00076,2384
id01158,2205
id00129,1936
id01034,1863
id00828,1816
id00812,1665
id00813,1489
id00055,1486
id00056,1412
id01604,1282
id00848,1247
id01889,1186
id00815,1186
id00122,1144
id00150,1124
id00642,1078
id01226,1058
id00731,997
id00805,980
id00597,926
id00884,910
id01035,899
id00075,887
id00130,835
id00849,780
id00816,697
id00923,678
id01346,652
id01780,632
id00160,627
id01807,617
id00822,576
id02072,564
id00644,564
id00949,547
id00151,543
id01283,520
id02011,516
id00721,500
id01250,495
id00707,492
id01817,491
id00845,487
id00947,487
id01588,486
id00183,482
id02028,462
id01636,458
id00598,457
id01227,452
id00991,443
id01164,440
id01839,438
id00954,437
id01859,436
id00950,432
id00600,430
id01470,425
id01829,416
id00858,415
id00831,415
id01848,414
id00953,412
id01665,412
id01484,400
id00948,396
id00651,396
id00729,390
id01549,388
id00951,387
id00801,387
id01789,385
id01862,384
id00176,381
id00199,378
id00577,377
id01493,373
id01251,372
id00952,371
id00843,370
id01558,370
id00959,367
id00976,367
id00798,365
id01825,362
id02048,359
id01176,350
id00178,350
id00594,349
id00924,346
id01818,345
id01293,341
id01612,339
id01448,333
id01691,328
id01504,322
id01421,321
id01769,321
id01635,320
id01775,318
id00588,310
id01904,307
id00834,305
id00961,305
id00957,303
id02365,300
id02370,300
id02369,300
id02368,300
id02367,300
id02366,300
id01893,300
id02364,300
id02363,300
id02371,300
id02372,298
id01745,292
id00956,290
id00847,288
id01647,286
id01391,283
id00832,283
id01943,277
id01538,276
id00668,272
id01718,271
id01650,270
id01568,270
id01959,269
id01876,267
id01942,266
id01873,266
id01965,265
id00198,264
id00904,263
id01744,263
id01644,262
id01306,260
id01928,260
id01300,259
id01600,259
id01917,259
id01753,257
id01417,257
id01606,256
id01443,255
id02235,254
id01216,252
id01587,252
id02361,250
id02355,250
id00790,250
id02359,250
id02356,250
id01782,250
id02360,250
id02357,250
id02358,250
id02353,250
id02362,250
id02354,250
id02352,250
id01042,247
id00728,247
id01322,246
id01494,245
id02376,244
id01334,243
id01846,243
id01424,242
id00184,241
id00960,240
id01394,240
id00964,239
id00202,238
id01692,237
id01347,237
id01836,236
id01709,234
id01788,233
id00962,232
id01723,232
id01485,230
id01656,229
id02053,229
id01381,229
id00730,228
id00990,228
id01326,227
id01397,226
id01999,223
id01901,223
id02051,222
id01445,218
id01816,217
id00926,217
id01765,213
id01580,213
id01810,212
id01640,210
id00205,206
id02240,206
id01899,205
id01654,205
id01565,205
id01808,204
id01577,203
id00209,202
id01449,201
id01497,199
id01503,198
id01134,197
id02246,196
id00653,194
id01374,194
id01998,193
id01781,193
id01914,193
id01402,192
id01638,192
id01310,191
id00000,191
id01994,191
id02063,191
id01916,188
id01977,187
id01500,187
id01913,186
id01783,185
id01633,185
id01387,185
id01046,184
id01552,184
id00717,182
id01302,182
id01821,181
id01724,180
id02375,180
id01704,177
id01015,177
id01314,177
id02219,177
id01794,177
id01752,176
id00617,176
id02248,176
id01566,175
id01289,175
id01154,175
id01833,175
id01583,175
id00214,174
id02031,174
id01696,173
id02037,173
id00218,172
id01856,172
id01517,172
id00992,172
id01878,170
id01514,169
id01988,169
id01573,169
id01854,165
id00229,165
id01370,165
id01311,164
id00225,164
id01464,164
id01791,163
id01349,163
id02043,162
id02377,162
id01966,162
id01584,162
id01621,162
id02237,161
id01946,161
id01890,161
id01167,161
id00583,161
id01894,161
id01875,160
id01388,160
id01460,159
id01386,159
id00650,158
id01090,158
id01912,158
id01990,158
id00238,156
id01933,156
id01222,156
id01793,155
id01797,155
id01961,155
id01487,154
id01713,154
id01047,154
id01223,153
id02047,150
id00001,149
id00649,148
id01274,148
id00279,147
id01342,147
id01403,147
id01624,147
id01937,147
id00284,146
id01798,145
id01907,145
id01180,144
id02249,144
id00713,143
id01490,143
id01740,143
id02323,142
id00243,142
id00230,142
id00965,141
id01851,141
id02243,141
id01771,141
id01931,141
id01282,140
id00070,140
id01219,140
id01734,140
id01335,140
id01344,140
id01462,139
id01748,139
id00823,139
id01411,138
id01406,138
id01518,138
id01847,138
id01658,138
id01773,136
id01760,136
id01246,136
id01974,136
id01245,135
id01865,135
id00922,135
id02224,134
id02066,134
id01491,134
id00708,133
id01525,133
id00247,132
id01952,132
id01648,131
id01874,131
id01471,131
id02217,131
id00817,131
id01956,130
id01479,130
id00993,130
id01396,130
id01429,128
id01531,128
id01343,128
id00251,128
id01593,128
id01985,128
id01932,127
id00963,127
id02024,126
id02055,126
id00270,126
id00927,126
id01295,125
id01884,125
id02008,125
id01684,125
id01351,125
id00735,125
id01978,124
id01840,124
id02244,124
id01579,124
id01522,124
id01168,124
id02056,124
id01336,124
id01981,123
id02073,123
id00618,123
id00338,123
id01350,123
id01758,122
id01877,121
id01598,121
id00997,121
id02003,120
id01508,120
id01774,119
id01996,119
id01743,119
id01476,119
id00808,119
id01454,119
id01967,119
id01968,118
id01705,118
id00364,118
id01316,118
id01701,117
id01659,117
id01736,117
id02062,117
id01630,116
id01382,116
id02221,116
id01482,115
id01815,115
id01181,115
id01832,115
id01067,114
id01532,114
id00925,113
id01838,112
id01561,112
id02229,112
id01432,112
id01852,111
id02040,111
id01806,111
id01478,111
id01505,110
id01287,110
id01596,110
id01332,110
id01763,110
id02373,110
id00257,110
id01080,110
id01976,109
id01738,109
id01330,109
id00061,109
id02058,109
id01993,108
id01492,108
id01218,108
id01357,108
id02241,108
id01920,108
id00290,108
id01915,108
id01819,108
id00266,108
id01062,107
id00827,107
id01921,107
id01708,107
id01320,107
id01629,107
id01523,107
id01669,107
id01605,106
id01453,106
id02027,106
id00996,106
id01790,106
id00273,106
id01911,105
id01337,105
id01897,105
id01407,105
id01660,104
id01059,104
id01437,104
id01941,103
id00084,103
id02036,103
id01642,103
id01608,102
id00716,102
id02046,102
id00416,102
id00850,102
id00995,102
id01906,102
id01930,102
id01741,101
id02057,101
id01973,100
id02374,100
id01383,100
id01755,100
id00614,100
id00078,100
id01880,99
id00169,99
id01284,99
id01253,99
id00723,99
id01603,98
id01719,98
id01540,98
id01855,98
id01456,98
id01338,97
id00591,97
id00031,97
id01268,96
id02065,96
id01468,96
id00032,96
id01075,96
id01309,95
id00077,95
id01151,95
id01702,94
id01362,94
id00866,94
id01661,94
id02070,94
id02049,93
id00776,93
id00311,93
id01739,93
id00305,93
id00974,93
id01823,92
id01776,92
id01511,92
id02077,92
id01319,92
id01259,92
id02232,92
id00346,92
id01910,92
id01405,91
id01458,91
id01787,91
id01254,91
id01886,91
id01398,90
id01871,90
id01012,90
id01184,90
id01358,90
id01438,90
id01940,90
id01626,90
id01759,90
id01339,90
id00002,90
id00999,89
id01980,89
id01863,89
id01589,89
id00641,89
id01945,89
id01726,89
id01715,89
id01084,89
id01467,88
id01198,88
id02247,88
id01385,88
id02220,88
id01506,87
id01924,87
id00473,87
id01409,87
id01951,87
id01270,87
id00841,87
id00966,87
id01699,86
id00934,86
id00306,86
id01792,86
id02030,86
id00314,86
id02074,86
id01064,86
id00333,86
id00402,85
id01960,85
id01363,85
id01481,85
id01276,85
id01617,85
id00315,85
id01799,84
id01682,84
id01560,84
id01325,84
id01750,84
id01318,84
id01422,84
id01299,83
id01927,83
id01393,83
id02336,83
id00844,83
id00319,82
id01955,82
id01353,82
id01827,82
id01070,82
id00975,82
id01703,82
id01850,81
id00779,81
id01224,81
id02038,80
id00842,80
id01436,80
id00331,80
id00998,80
id01483,80
id01313,79
id01770,79
id01502,79
id01581,79
id01628,79
id01375,79
id01586,79
id00620,78
id01095,78
id00388,78
id00821,77
id01527,77
id01929,77
id02216,76
id01655,76
id01883,76
id01221,76
id01939,76
id01892,76
id01404,75
id01297,75
id01354,75
id01323,75
id00410,75
id01553,75
id00928,75
id01735,75
id01510,75
id01535,74
id00320,74
id01412,74
id01410,73
id01622,73
id01515,73
id01153,73
id01003,73
id01452,73
id01545,73
id00064,73
id01582,73
id01842,72
id00829,72
id01597,72
id01728,72
id01372,71
id01539,71
id00414,71
id01949,71
id01399,71
id02019,71
id01104,71
id01954,70
id00359,69
id01255,69
id00048,69
id02045,69
id01591,69
id02252,69
id01366,69
id00931,69
id01860,68
id01247,68
id01670,67
id00459,67
id01109,67
id01433,67
id01294,67
id00220,66
id01814,66
id00244,66
id01730,66
id01923,66
id02312,66
id01281,66
id01866,66
id01390,66
id01440,66
id01392,66
id01762,66
id01425,65
id01607,65
id01681,65
id01634,65
id01197,65
id00442,65
id00042,65
id01279,65
id01536,65
id02320,65
id01673,64
id01373,64
id00783,64
id01474,64
id00373,64
id00759,64
id00514,64
id01550,64
id01435,63
id02324,63
id01559,63
id01720,63
id00004,63
id01269,63
id01674,63
id01513,63
id02021,63
id00380,62
id01543,62
id00016,62
id01092,62
id00747,62
id01352,62
id01801,62
id01004,62
id01367,62
id00405,62
id01093,61
id01011,61
id01369,61
id01987,61
id00677,61
id01010,60
id01668,60
id00665,60
id01601,59
id01327,59
id00374,59
id02076,59
id02223,59
id01516,59
id01277,59
id01499,59
id01547,59
id01533,58
id02079,58
id00003,58
id00005,58
id01632,58
id01163,58
id01094,58
id01507,58
id01461,57
id01395,57
id01571,57
id01822,57
id01455,57
id00368,57
id01795,57
id00291,57
id02025,57
id01228,56
id01616,56
id01731,56
id00852,56
id01905,56
id01707,56
id01761,55
id00916,55
id01574,55
id01434,55
id01257,55
id01804,55
id01645,55
id01800,55
id00767,54
id01563,54
id01260,54
id01841,54
id00215,54
id00802,54
id01081,54
id01400,54
id00429,54
id01324,53
id01415,53
id01355,53
id01083,53
id01321,53
id01450,53
id01290,53
id01972,53
id01463,53
id00267,53
id00274,53
id00347,53
id00933,53
id00161,52
id02026,52
id01858,52
id01772,52
id01963,52
id01857,52
id01098,52
id01885,52
id02033,52
id01301,52
id01706,52
id02242,52
id01887,52
id01711,51
id01048,51
id00920,51
id01428,51
id00734,51
id00699,51
id01779,51
id00929,50
id01262,50
id01785,50
id00756,50
id00365,50
id02345,50
id01934,50
id00332,50
id01948,50
id00423,50
id01292,50
id01519,50
id01746,49
id00640,49
id00428,49
id00426,49
id00285,49
id00321,49
id01541,49
id01853,49
id01714,49
id00500,48
id00179,48
id00396,48
id01315,47
id02236,47
id00036,47
id01828,47
id01477,47
id01619,47
id01777,47
id01447,47
id02054,47
id01651,47
id01992,47
id01529,47
id02251,47
id01572,46
id01329,46
id01938,46
id00441,46
id00462,46
id02009,46
id01446,46
id00615,46
id01056,46
id01000,46
id02226,46
id00434,46
id01243,46
id01986,45
id01675,45
id00836,45
id01564,45
id01271,45
id00509,45
id01879,45
id00403,45
id00101,44
id01767,44
id02016,44
id01643,44
id00219,44
id02341,44
id01524,44
id02032,43
id01610,43
id00676,43
id01995,43
id01108,43
id01555,43
id00712,43
id00007,43
id01975,43
id00458,43
id01737,43
id01065,43
id01595,43
id01611,42
id02218,42
id01376,42
id01378,42
id01135,42
id01590,42
id01687,42
id01442,42
id02014,42
id01220,42
id01200,42
id01199,42
id01895,42
id00472,41
id01585,41
id02035,41
id00435,41
id00409,41
id00210,41
id01414,41
id01258,41
id01631,41
id01641,41
id01509,41
id01013,40
id02394,40
id02395,40
id02041,40
id01473,40
id01112,40
id01618,40
id01813,40
id01615,40
id02393,40
id02392,40
id02383,40
id02391,40
id02390,40
id02389,40
id02388,40
id02387,40
id02386,40
id02385,40
id02384,40
id02378,40
id02379,40
id01727,40
id02380,40
id02381,40
id02382,40
id01712,40
id02396,40
id00796,40
id01307,39
id01689,39
id01102,39
id00629,39
id00447,39
id01537,39
id01826,39
id01620,39
id01569,39
id01903,39
id01280,39
id00494,39
id00484,39
id00490,39
id01664,39
id00977,38
id01695,38
id00567,38
id01747,38
id02064,38
id00627,38
id01466,38
id01835,38
id00498,38
id01649,38
id01614,38
id00050,37
id00052,37
id00053,37
id00054,37
id00057,37
id01902,37
id00058,37
id00059,37
id01149,37
id00060,37
id01146,37
id01148,37
id00715,37
id01144,37
id01700,37
id01710,37
id01143,37
id01142,37
id01141,37
id01868,37
id01368,37
id00051,37
id02061,37
id00041,37
id00037,37
id00033,37
id00035,37
id00043,37
id00009,37
id00049,37
id00513,37
id00044,37
id00045,37
id00038,37
id00046,37
id00047,37
id01138,36
id00381,36
id00094,36
id00062,36
id01472,36
id00066,36
id01891,36
id00008,36
id02005,36
id00063,36
id00478,35
id01119,35
id01160,35
id01957,35
id00006,35
id01722,35
id01716,35
id01189,35
id00068,35
id01530,35
id01423,35
id01021,35
id00935,35
id01420,34
id01653,34
id00683,34
id01465,34
id00226,34
id01005,34
id01413,34
id01613,34
id00936,34
id00417,34
id00152,34
id00519,34
id00714,34
id00258,34
id00446,34
id00450,33
id01671,33
id01678,33
id00749,33
id00648,33
id01331,33
id01749,33
id01544,33
id01888,33
id00663,33
id01870,33
id01861,33
id00522,32
id02228,32
id00544,32
id01908,32
id01627,32
id01683,32
id01303,32
id01328,32
id00630,32
id01115,32
id01757,32
id01006,32
id01688,32
id00840,32
id01657,32
id01667,32
id01557,32
id01844,32
id01698,32
id02044,32
id00740,31
id00937,31
id01867,31
id01426,31
id00438,31
id01548,31
id01057,31
id00460,31
id00541,31
id00803,31
id02006,31
id01991,31
id00939,31
id01365,30
id00853,30
id00014,30
id01964,30
id01944,30
id00885,30
id01925,30
id01060,30
id01007,30
id01576,30
id00067,30
id01754,30
id00611,30
id00322,30
id02238,30
id00529,30
id00669,30
id01820,30
id00533,30
id01809,30
id00938,30
id02142,29
id00542,29
id01317,29
id02179,29
id00185,29
id01496,29
id01495,29
id00170,29
id01033,29
id00906,29
id02020,29
id01646,29
id00539,29
id01534,28
id02185,28
id01918,28
id00162,28
id02137,28
id00688,28
id01147,28
id01575,28
id02231,28
id02018,27
id00864,27
id01733,27
id00609,27
id01174,27
id00599,27
id00297,27
id00221,27
id01786,27
id01556,27
id00327,27
id01360,27
id01812,27
id01427,27
id00248,27
id01379,27
id02194,27
id00382,27
id01244,26
id00171,26
id01451,26
id01305,26
id00259,26
id00671,26
id01431,26
id00496,26
id01459,26
id00415,26
id00547,26
id00556,26
id00360,26
id01686,26
id02151,26
id01123,26
id00485,25
id02184,25
id00531,25
id01677,25
id01286,25
id01043,25
id01298,25
id01052,25
id01341,25
id01139,25
id00024,25
id02187,25
id00736,25
id01486,25
id02203,25
id01439,25
id02222,25
id00100,25
id02143,25
id00231,25
id01676,24
id00203,24
id00501,24
id00785,24
id00252,24
id01127,24
id01389,24
id02081,24
id01128,24
id02207,24
id00846,24
id01898,24
id01679,23
id01002,23
id00361,23
id00424,23
id01117,23
id00010,23
id02153,23
id00427,23
id01697,23
id02149,23
id00771,23
id00030,23
id02022,23
id00406,23
id01778,23
id00298,22
id01672,22
id01554,22
id01663,22
id00517,22
id01068,22
id01666,22
id01729,21
id00211,21
id01805,21
id00811,21
id01418,21
id01234,21
id01273,21
id00404,21
id00559,21
id00520,21
id00535,21
id00391,21
id01469,21
id01001,21
id00575,21
id01498,21
id00590,21
id01970,21
id01256,21
id01764,21
id02160,21
id00603,20
id00572,20
id01690,20
id00065,20
id02250,20
id01811,20
id00491,20
id00481,20
id00824,20
id01845,20
id00186,20
id02201,20
id02139,20
id01091,20
id00260,19
id02144,19
id01637,19
id00287,19
id00757,19
id00515,19
id02225,19
id00679,19
id01609,19
id02172,19
id01122,19
id00317,19
id00020,19
id02183,19
id02347,19
id01261,19
id00534,19
id01364,19
id00187,19
id02059,19
id02332,19
id00411,18
id01521,18
id01768,18
id00276,18
id00339,18
id00565,18
id00868,18
id00970,18
id00809,18
id00526,18
id01570,18
id00546,18
id01236,18
id02147,18
id01225,18
id01037,18
id01285,18
id01288,17
id01882,17
id00701,17
id01085,17
id01751,17
id00400,17
id00013,17
id00940,17
id01275,17
id01032,17
id01542,17
id00123,17
id01872,17
id00292,17
id00386,17
id02189,17
id01766,17
id01623,17
id00227,17
id00655,17
id02174,17
id00564,17
id01419,17
id00163,17
id00967,16
id00978,16
id00153,16
id02080,16
id00807,16
id02253,16
id02010,16
id00530,16
id00502,16
id00830,16
id01182,16
id00524,16
id00461,16
id01824,16
id00941,16
id00825,16
id00719,16
id01694,16
id00732,16
id01356,16
id01165,16
id02169,16
id01053,16
id01896,16
id01155,16
id01546,16
id01150,16
id00930,16
id00011,16
id01802,16
id00206,16
id00797,16
id00495,16
id00479,15
id00503,15
id00180,15
id02214,15
id02318,15
id02170,15
id00181,15
id00232,15
id02161,15
id00241,15
id00769,15
id02023,15
id00510,15
id02159,15
id01038,15
id00568,15
id01076,15
id01308,15
id01166,15
id02157,15
id00942,15
id02199,15
id01264,15
id01265,15
id00392,15
id01009,14
id01475,14
id01721,14
id00451,14
id00557,14
id00407,14
id00979,14
id00574,14
id02280,14
id00069,14
id00369,14
id00657,14
id00914,14
id00548,14
id00340,14
id00299,14
id02200,14
id00286,14
id01133,14
id00804,14
id00307,14
id02138,14
id02085,14
id01195,14
id00268,14
id01267,14
id00758,14
id01206,14
id02136,13
id01113,13
id02154,13
id02286,13
id00086,13
id01950,13
id00905,13
id01086,13
id00341,13
id00918,13
id01248,13
id00412,13
id00563,13
id01014,13
id00188,13
id00293,13
id01071,13
id01049,13
id01578,13
id00869,13
id00685,13
id00131,13
id02177,13
id02227,13
id00228,13
id00012,13
id02029,13
id02176,13
id02067,13
id00643,13
id00234,12
id02293,12
id01066,12
id00592,12
id00752,12
id01345,12
id00233,12
id01170,12
id01136,12
id01953,12
id00436,12
id00418,12
id00419,12
id00420,12
id01054,12
id01312,12
id01333,12
id01129,12
id02197,12
id00350,12
id01796,12
id00109,12
id01205,12
id01101,12
id00132,12
id00334,12
id00690,12
id01652,12
id00635,12
id02007,12
id00323,12
id01834,12
id01192,12
id01919,12
id02245,12
id01238,12
id01984,12
id02145,12
id00523,12
id00943,12
id00164,12
id00182,11
id00235,11
id00189,11
id00133,11
id00773,11
id00980,11
id00480,11
id00540,11
id00985,11
id00172,11
id01016,11
id01602,11
id00464,11
id01050,11
id02084,11
id01551,11
id00921,11
id00789,11
id00833,11
id00216,11
id01045,11
id02343,11
id00549,11
id00969,11
id00102,11
id02071,11
id01082,11
id02188,11
id00362,11
id00725,11
id01118,11
id00718,11
id01444,11
id00375,11
id00746,11
id01843,11
id02239,11
id01837,11
id00089,11
id00324,11
id00638,11
id00277,11
id02257,11
id00443,11
id00352,11
id02168,11
id00437,11
id02181,11
id00351,11
id01526,11
id01512,10
id02146,10
id00444,10
id00448,10
id00709,10
id00312,10
id01107,10
id02317,10
id00134,10
id01599,10
id00465,10
id01179,10
id00389,10
id00955,10
id01803,10
id00135,10
id00091,10
id01096,10
id01457,10
id00560,10
id02230,10
id00245,10
id01380,10
id01717,10
id00366,10
id00745,10
id00207,10
id00204,10
id01562,10
id00883,10
id02349,10
id01036,10
id00532,10
id02271,10
id02152,10
id00190,10
id01272,10
id01263,10
id01266,10
id01131,10
id01488,10
id00788,10
id00125,9
id00093,9
id00376,9
id02060,9
id02206,9
id00124,9
id00136,9
id02039,9
id00015,9
id00137,9
id00236,9
id00092,9
id00379,9
id01922,9
id02309,9
id02156,9
id02305,9
id00452,9
id00278,9
id02283,9
id00280,9
id00191,9
id02260,9
id00408,9
id00300,9
id01849,9
id02195,9
id00034,9
id00318,9
id00474,9
id01971,9
id01203,9
id01278,9
id00778,9
id00521,9
id01185,9
id01120,9
id01235,9
id00750,9
id01441,9
id01528,9
id00569,9
id01110,9
id00703,9
id01051,9
id00863,9
id01371,9
id01069,9
id01089,9
id00604,9
id00760,9
id01209,9
id00968,9
id00751,9
id00994,9
id00497,9
id00505,9
id00981,9
id00504,9
id00697,9
id00860,9
id01132,9
id00806,9
id00430,8
id00103,8
id00242,8
id00445,8
id00104,8
id00659,8
id00095,8
id00660,8
id02180,8
id01864,8
id00105,8
id00192,8
id00561,8
id02302,8
id00385,8
id01639,8
id01401,8
id02163,8
id00253,8
id00607,8
id00080,8
id00910,8
id02279,8
id00138,8
id00261,8
id00562,8
id00363,8
id01126,8
id02191,8
id02148,8
id00165,8
id01430,8
id00537,8
id00154,8
id01187,8
id00453,8
id00958,8
id02205,8
id01008,8
id01296,8
id00039,8
id00466,8
id00536,8
id00467,8
id02193,8
id00173,8
id00110,7
id00888,7
id00661,7
id01359,7
id00705,7
id01099,7
id00342,7
id00680,7
id00393,7
id00622,7
id01097,7
id00302,7
id00106,7
id00353,7
id02082,7
id00726,7
id02211,7
id02150,7
id00295,7
id00681,7
id00308,7
id00877,7
id02078,7
id00670,7
id01408,7
id02215,7
id00301,7
id02173,7
id00096,7
id00710,7
id00294,7
id00761,7
id01078,7
id00142,7
id00143,7
id01063,7
id00431,7
id00246,7
id00512,7
id00768,7
id01592,7
id02017,7
id01520,7
id00463,7
id00566,7
id01039,7
id01233,7
id01026,7
id00944,7
id00550,7
id01017,7
id00792,7
id00543,7
id02304,7
id00913,7
id00861,7
id01501,7
id00871,7
id00810,7
id00017,7
id00177,7
id00511,7
id00800,7
id00140,7
id00139,7
id00454,7
id00174,7
id00141,7
id01072,7
id00859,7
id01249,6
id00820,6
id00212,6
id01239,6
id00193,6
id00316,6
id01178,6
id00167,6
id00166,6
id00702,6
id00882,6
id01983,6
id00795,6
id01183,6
id02013,6
id00217,6
id00249,6
id00262,6
id00744,6
id01881,6
id00271,6
id00255,6
id00254,6
id00112,6
id00111,6
id01900,6
id01202,6
id00875,6
id00739,6
id01869,6
id02004,6
id00107,6
id00144,6
id00145,6
id00237,6
id00727,6
id00775,6
id00486,6
id01213,6
id00155,6
id00787,6
id02086,6
id01188,6
id02166,6
id00348,6
id02167,6
id00394,6
id02261,6
id00399,6
id00398,6
id00397,6
id00619,6
id00907,6
id00072,6
id01077,6
id01756,6
id00083,6
id02233,6
id00383,6
id00633,6
id01105,6
id00401,6
id02289,6
id00370,6
id00506,6
id00492,6
id00983,6
id00984,6
id00018,6
id00019,6
id00971,6
id00507,6
id00582,6
id00468,6
id00538,6
id00455,6
id01022,6
id00551,6
id00552,6
id00097,6
id02263,6
id02213,6
id00325,6
id00344,6
id00329,6
id01114,6
id02196,6
id00343,6
id00336,6
id00354,6
id00328,6
id00355,6
id01124,6
id00367,6
id01784,6
id01029,5
id01232,5
id00893,5
id00148,5
id00158,5
id01041,5
id00157,5
id00156,5
id01023,5
id02348,5
id01237,5
id01040,5
id02350,5
id02192,5
id01140,5
id01030,5
id01028,5
id01027,5
id00945,5
id01019,5
id01018,5
id00982,5
id01157,5
id02162,5
id01162,5
id01252,5
id00987,5
id00989,5
id00175,5
id01156,5
id00887,5
id02158,5
id00021,5
id00023,5
id00027,5
id02155,5
id00168,5
id00028,5
id00946,5
id00147,5
id00862,5
id01130,5
id02346,5
id00819,5
id00126,5
id02204,5
id00117,5
id00116,5
id00115,5
id01079,5
id02091,5
id01208,5
id00114,5
id00113,5
id01087,5
id01194,5
id01111,5
id01088,5
id00902,5
id02209,5
id02212,5
id01100,5
id01103,5
id00127,5
id01121,5
id02340,5
id00128,5
id02333,5
id00146,5
id01106,5
id02325,5
id01058,5
id01061,5
id02307,5
id02298,5
id02297,5
id02296,5
id02292,5
id02290,5
id01073,5
id01074,5
id02281,5
id02270,5
id02265,5
id00870,5
id02171,5
id00487,5
id00973,5
id00508,5
id00395,5
id00518,5
id00525,5
id00527,5
id00528,5
id00349,5
id00456,5
id00345,5
id00476,5
id01340,5
id00545,5
id00250,5
id00777,5
id00763,5
id00764,5
id00439,5
id00553,5
id00499,5
id00240,5
id00239,5
id00554,5
id01625,5
id00555,5
id00516,5
id00667,5
id00469,5
id00264,5
id00288,5
id00296,5
id00283,5
id00384,5
id00378,5
id00377,5
id00282,5
id00371,5
id00387,5
id00281,5
id00666,5
id00358,5
id00275,5
id00357,5
id00475,5
id00272,5
id00269,5
id00390,5
id00265,5
id00470,5
id00356,5
id00558,5
id01480,5
id00589,5
id00194,5
id00706,5
id00309,5
id00432,5
id00593,5
id00213,5
id00310,5
id00208,5
id00696,5
id00195,5
id00304,5
id00421,5
id00196,5
id01291,5
id00700,5
id00576,5
id00440,5
id00489,5
id00200,5
id00433,5
id00313,5
id00223,5
id00222,5
id00425,5
id00482,5
id00224,5
id00570,5
id00493,5
id00613,5
id01304,5
id00571,5
id00573,5
id00326,5
id00488,5
id00781,5
id00449,5
id00303,5
id01384,5
id00639,4
id02093,4
id02208,4
id02165,4
id00372,4
id00646,4
id01831,4
id01693,4
id02338,4
id02175,4
id00457,4
id00632,4
id01685,4
id00335,4
id01125,4
id02198,4
id00881,4
id00330,4
id00895,4
id02202,4
id01416,4
id01152,4
id01173,4
id00026,4
id02178,4
id00471,4
id02313,4
id00289,4
id02001,4
id00071,4
id02254,4
id02034,4
id00477,4
id00765,4
id02328,4
id00988,4
id00149,4
id02015,4
id02266,4
id02267,4
id00784,4
id02276,4
id00581,4
id01935,4
id01997,4
id00159,4
id00413,4
id02321,4
id00422,4
id00799,4
id01982,4
id00197,4
id02303,4
id02316,4
id00826,4
id01055,4
id00889,4
id00120,4
id02050,4
id02069,4
id02234,4
id00754,4
id00087,4
id00876,4
id00118,4
id00119,4
id00742,4
id00108,4
id00022,4
id01212,4
id00082,4
id00263,4
id00081,4
id00901,3
id00602,3
id02282,3
id00692,3
id00899,3
id00915,3
id00691,3
id00601,3
id02300,3
id00896,3
id00900,3
id00645,3
id00596,3
id00689,3
id00074,3
id01137,3
id02182,3
id02210,3
id00625,3
id02255,3
id02329,3
id02258,3
id02335,3
id00898,3
id00675,3
id00085,3
id02264,3
id01044,3
id02190,3
id00337,3
id00628,3
id02268,3
id02186,3
id01159,3
id00814,3
id00616,3
id02140,3
id01161,3
id00774,3
id00720,3
id00878,3
id00733,3
id00737,3
id00738,3
id01204,3
id00693,3
id01210,3
id01348,3
id00753,3
id01215,3
id01217,3
id02012,3
id01567,3
id00986,3
id02002,3
id01241,3
id00483,3
id01947,3
id00201,3
id00856,3
id00855,3
id01958,3
id00854,3
id01969,3
id01962,3
id01377,3
id02052,3
id02141,3
id00880,3
id01020,3
id02351,3
id00912,3
id02164,3
id00695,3
id01830,3
id01191,3
id00879,3
id01024,3
id00612,2
id02339,2
id00610,2
id02327,2
id02273,2
id02000,2
id01936,2
id02269,2
id01926,2
id00892,2
id00608,2
id00780,2
id00932,2
id00770,2
id01742,2
id00972,2
id02259,2
id01909,2
id02278,2
id01732,2
id00791,2
id01171,2
id02310,2
id02314,2
id00694,2
id02306,2
id00886,2
id02301,2
id00890,2
id02299,2
id01979,2
id00891,2
id02295,2
id01240,2
id00586,2
id01725,2
id00794,2
id00793,2
id02288,2
id01989,2
id01175,2
id02285,2
id00704,2
id00755,2
id00762,2
id00256,2
id01680,2
id00662,2
id02083,2
id00637,2
id01193,2
id02087,2
id02088,2
id00098,2
id00897,2
id02089,2
id02090,2
id02092,2
id02094,2
id02129,2
id02095,2
id02096,2
id02097,2
id02098,2
id02099,2
id00025,2
id01662,2
id00029,2
id01594,2
id00040,2
id01186,2
id00636,2
id00073,2
id02042,2
id01211,2
id01190,2
id00748,2
id01214,2
id00903,2
id00743,2
id02068,2
id01361,2
id02344,2
id00873,2
id00631,2
id02075,2
id00909,2
id01031,2
id02331,1
id02315,1
id02330,1
id00919,1
id02337,1
id02334,1
id00578,1
id02326,1
id00585,1
id00584,1
id02319,1
id02342,1
id00917,1
id00818,1
id01145,1
id02311,1
id02113,1
id02105,1
id02106,1
id02107,1
id02108,1
id02109,1
id02110,1
id02111,1
id02112,1
id02117,1
id00587,1
id02118,1
id02119,1
id02120,1
id02122,1
id02123,1
id02124,1
id02125,1
id02126,1
id02104,1
id02103,1
id02102,1
id02101,1
id00839,1
id00857,1
id01242,1
id00786,1
id00782,1
id01231,1
id01229,1
id00772,1
id00865,1
id00766,1
id00867,1
id00872,1
id01207,1
id00874,1
id00741,1
id00724,1
id02100,1
id02127,1
id02128,1
id02130,1
id00079,1
id00621,1
id00908,1
id02256,1
id02262,1
id02272,1
id02274,1
id02275,1
id02277,1
id01489,1
id02284,1
id00606,1
id02287,1
id00605,1
id02291,1
id02294,1
id00911,1
id02308,1
id00623,1
id00624,1
id02131,1
id00626,1
id02132,1
id02133,1
id02134,1
id02135,1
id00711,1
id01169,1
id00698,1
id00687,1
id00894,1
id00686,1
id00684,1
id00678,1
id00674,1
id00673,1
id00672,1
id00647,1
id00634,1
id01230,1
